actor,movie_or_tv_name
Brooke Blanchard,!!!Say Uncle
Arlene Santana,"!!!North Star,!!!CSI: Vegas,!!!In the Darkness,!!!Terror Eyes,!!!Roma 96,!!!John Bronco,!!!Solve,!!!NCIS,!!!For The People,!!!Brooklyn Nine-Nine,!!!StartUp,!!!This Path,!!!Star Trek Beyond,!!!NCIS: Los Angeles,!!!Violeta,!!!Signs,!!!Luna,!!!Agents of S.H.I.E.L.D.,!!!Franklin & Bash,!!!Scandal,!!!Castle,!!!God's Country,!!!L.A. Noire,!!!Fast Five,!!!K.C.,!!!Salud,!!!The Recipient,!!!ERA (Equal Rights for All),!!!Thinking About Evolution,!!!Cornelius,!!!Maquillaje,!!!Maria!,!!!Maria!,!!!Entertainment Tonight/Weekend Edition/International,!!!The Talk,!!!The Zoo,!!!The Morning After,!!!Court Report,!!!U.S. Open Tonight,!!!On the Up,!!!The Best Thing I Ever Ate,!!!LATV Does Hollywood,!!!LATV Live,!!!Entertainment Tonight"
Melissa DuPrey,"!!!Relative,!!!The Way We Talk,!!!Ghostwriter,!!!Cherry,!!!Empire,!!!The Resident,!!!2 in the Bush: A Love Story,!!!Chicago P.D.,!!!The Chi,!!!Brown Girls,!!!Awkward Spaceship Live,!!!Bromance,!!!The Way We Talk,!!!Free Street Theater: 50 Years of Joy & Justice,!!!The Matthew Aaron Show Podcast"
Ellen Pompeo,"!!!Station 19,!!!Doc McStuffins,!!!Taylor Swift: Bad Blood,!!!Life of the Party,!!!Art Heist,!!!Friends,!!!Nobody's Perfect,!!!Undermind,!!!Old School,!!!Daredevil,!!!Catch Me If You Can,!!!Moonlight Mile,!!!The Job,!!!Strong Medicine,!!!Eventual Wife,!!!In the Weeds,!!!Mambo Café,!!!Get Real,!!!Law & Order,!!!8 1/2 x 11,!!!Strangers with Candy,!!!Coming Soon,!!!Do You Have the Time,!!!Deeds,!!!Station 19,!!!Thank God It's Thursday on ABC,!!!Eternal Sunshine of the Spotless Mind,!!!Moonlight Mile: A Journey to Screen,!!!Entertainment Tonight,!!!Good Morning America,!!!Extra with Billy Bush,!!!Jimmy Kimmel Live!,!!!Tell Me with Ellen Pompeo,!!!The 73rd Primetime Emmy Awards,!!!Martha Gets Down and Dirty,!!!CBS News Sunday Morning,!!!The E! People's Choice Awards,!!!Access Hollywood,!!!Armchair Expert with Dax Shepard,!!!The View,!!!The Late Late Show with James Corden,!!!Variety Studio: Actors on Actors,!!!RuPaul's Drag Race All Stars,!!!Red Table Talk,!!!The Ellen DeGeneres Show,!!!This Changes Everything,!!!Live with Kelly and Ryan,!!!The Chew,!!!Late Night with Seth Meyers,!!!The Insider,!!!TV Land Icon Awards 2016,!!!The 42nd Annual People's Choice Awards,!!!2015 Billboard Music Awards,!!!Repeat After Me,!!!The 41st Annual People's Choice Awards,!!!Thank God It's Thursday on ABC,!!!The Queen Latifah Show,!!!Watch What Happens Live with Andy Cohen,!!!The 39th Annual People's Choice Awards,!!!Chelsea Lately,!!!The Marriage Ref,!!!13th Annual Young Hollywood Awards,!!!Late Night with Jimmy Fallon,!!!Late Show with David Letterman,!!!14th Annual Screen Actors Guild Awards,!!!E! Live from the Red Carpet,!!!Anatomía Unplugged,!!!13th Annual Screen Actors Guild Awards,!!!The 64th Annual Golden Globe Awards,!!!The 33rd Annual People's Choice Awards,!!!The Tonight Show with Jay Leno,!!!The Oprah Winfrey Show,!!!The 58th Annual Primetime Emmy Awards,!!!Celebrity Debut,!!!The Reichen Show,!!!ABC News Nightline,!!!The 63rd Annual Golden Globe Awards 2006,!!!Punk'd,!!!The 57th Annual Primetime Emmy Awards,!!!'Old School' Orientation,!!!Moonlight Mile: A Journey to Screen,!!!Entertainment Tonight,!!!Celebrity Page,!!!Extra with Billy Bush,!!!From the Start!,!!!Sexo en serie,!!!Reinventando Hollywood,!!!Private Practice"
John Cappon,"!!!CSI: NY,!!!NYPD Blue,!!!Providence,!!!The District,!!!Boston Public,!!!Chicago Hope,!!!L.A. Doctors,!!!Very Bad Things,!!!Twilight,!!!The Net"
Marika Dominczyk,"!!!Inventing Anna,!!!Hawaii Five-0,!!!Whiskey Cavalier,!!!Let's Kill Ward's Wife,!!!Criminal Minds,!!!Vegas,!!!Rizzoli & Isles,!!!Brothers & Sisters,!!!I Hope They Serve Beer in Hell,!!!The Unit,!!!House,!!!Who Do You Love,!!!Get Smart's Bruce and Lloyd Out of Control,!!!Las Vegas,!!!Manchild,!!!Bagboy,!!!Heist,!!!Bones,!!!Confessions of a Dog,!!!The 40-Year-Old Virgin,!!!Halley's Comet,!!!Invitation to a Suicide,!!!North Shore,!!!The Help,!!!Porn 'n Chicken,!!!Witchblade,!!!3 A.M.,!!!Law & Order: Special Victims Unit,!!!The $treet,!!!Celebrity Family Feud"
Kathleen M. Darcy,"!!!Rapid Eye Movement,!!!Deadbeat,!!!True Blood,!!!The Mentalist,!!!Justified,!!!Vegas,!!!The Legacy Letters,!!!Glee,!!!Ringer,!!!90210,!!!Luck,!!!Criminal Minds,!!!RCVR,!!!Rizzoli & Isles,!!!Castle,!!!Psychosis,!!!CSI: Crime Scene Investigation,!!!Autopilot,!!!Three Rivers,!!!How I Met Your Mother,!!!My Name Is Khan,!!!Eastwick,!!!Parks and Recreation,!!!Weeds,!!!Deadgirl,!!!The Young and the Restless,!!!The Bold and the Beautiful,!!!Big Game,!!!Lost,!!!Monk,!!!Brothers & Sisters,!!!Close to Home,!!!The Studio,!!!Bones,!!!Threshold,!!!The O.C.,!!!7th Heaven,!!!Still Standing,!!!Malcolm in the Middle,!!!Boston Public,!!!Judging Amy,!!!ER,!!!Ed,!!!Inspector Gadget,!!!Party of Five,!!!Encore! Encore!,!!!The Drew Carey Show,!!!The Practice,!!!Grace Under Fire,!!!Night Stand,!!!Champs,!!!The Whisperer in Darkness,!!!Cross Breeding,!!!Tumbleweed,!!!The Go-Getter,!!!Lost: The Story of the Oceanic 6"
Zaiver Sinnett,"!!!Station 19,!!!Station 19"
Kevin Clarke,
Nora Zehetner,"!!!Boys of Summer,!!!Spring Bloom,!!!The Right Stuff,!!!Freeze,!!!Agents of S.H.I.E.L.D.,!!!Green Eggs and Ham,!!!Magnetic Plasma for mass(es) Enlightenment,!!!Color Me Done,!!!Designated Survivor,!!!Lost in Sound,!!!Pillow Talk,!!!It Happened In L.A.,!!!Gortimer Gibbon's Life on Normal Street,!!!Maron,!!!The Astronaut Wives Club,!!!Creative Control,!!!Home Is Where Your Heart Aches,!!!Danny and the Wild Bunch,!!!The Hitchhiker,!!!Imperial Dreams,!!!Warehouse 13,!!!Grimm,!!!Common Law,!!!Mad Men,!!!Southland,!!!Seattle Grace: On Call,!!!Jerry,!!!Heroes,!!!Spooner,!!!The Brothers Bloom,!!!Princess,!!!Remarkable Power,!!!Beneath,!!!Fifty Pills,!!!The Adventures of Big Handsome Guy and His Little Friend,!!!Conversations with Other Women,!!!Brick,!!!Everwood,!!!The Burning Land,!!!Septuplets,!!!Off Centre,!!!She Spies,!!!Point of Origin,!!!R.S.V.P.,!!!May,!!!An American Town,!!!Going to California,!!!American Pie 2,!!!Tart,!!!Gilmore Girls,!!!Brick,!!!Heroes Unmasked,!!!Building 'Brick',!!!Heroes Unmasked"
Peyton Kennedy,"!!!Murdoch Mysteries,!!!Borrasca,!!!Selfie,!!!What the Night Can Do,!!!Pond Life,!!!Everything Sucks!,!!!Cardinals,!!!Odd Squad,!!!Sunny Side Up,!!!Taken,!!!OddTube,!!!XX,!!!Killjoys,!!!Odd Squad: The Movie,!!!Lavender,!!!American Fable,!!!Between,!!!Cut Bank,!!!The Captive,!!!Dorsal,!!!Hannibal,!!!The Ron James Show,!!!Copper,!!!To Look Away,!!!The Offering,!!!An Officer and a Murderer,!!!The 2nd Annual Young Entertainer Awards,!!!FTS Kids News,!!!Alexis Joy VIP Access"
Lauren Stamile,"!!!The Storied Life of A.J. Fikry,!!!Let Us In,!!!Rita,!!!Veronica Mars,!!!Bit,!!!9-1-1,!!!Evie,!!!Good Girls,!!!The Rookie,!!!American Horror Story,!!!Blindspot,!!!There Shall Come Angels,!!!NCIS,!!!Imaginary Mary,!!!Chicago Fire,!!!Major Crimes,!!!CSI: Cyber,!!!Complications,!!!Tooken,!!!Workaholics,!!!CSI: Crime Scene Investigation,!!!Scandal,!!!The Mentalist,!!!Burn Notice,!!!Overnight,!!!The Secret Circle,!!!Low Fidelity,!!!Untitled Allan Loeb Project,!!!The Event,!!!Drop Dead Diva,!!!The Good Guys,!!!Community,!!!Alligator Point,!!!Midnight Bayou,!!!The Blue Tooth Virgin,!!!Kissing Cousins,!!!Scrubs,!!!CSI: NY,!!!Heroes,!!!Rules of Engagement,!!!That Guy,!!!Criminal Minds,!!!Numb3rs,!!!Boston Legal,!!!Kitchen Confidential,!!!Close to Home,!!!Crossing Jordan,!!!Committed,!!!The Last Letter,!!!Girlfriends,!!!Summerland,!!!Tru Calling,!!!Cold Case,!!!Behind the Camera: The Unauthorized Story of 'Charlie's Angels',!!!Married to the Kellys,!!!The West Wing,!!!Strong Medicine,!!!CSI: Miami,!!!Without a Trace,!!!Off Centre,!!!The Drew Carey Show,!!!Follow Me Outside,!!!Something Sweet,!!!Law & Order: Special Victims Unit,!!!Hollywood Boulevard: The Regulars,!!!Entertainment Tonight"
Jeanine Mason,"!!!Viral,!!!Roswell, New Mexico,!!!The Yellow Wallpaper,!!!Grace and Frankie,!!!TrollsTopia,!!!El Empantanado: The Muddy,!!!Christmas on the Square,!!!Acting for a Cause,!!!Made Public,!!!Searchers,!!!Criminal Minds,!!!Ride Overshare,!!!Daytime Divas,!!!Waffles,!!!The Archer,!!!ESL - English as a Second Language,!!!Of Kings and Prophets,!!!Stars,!!!Studio City,!!!Take It from Us,!!!NCIS: Los Angeles,!!!Default,!!!You're the Worst,!!!Delirium,!!!Awkward.,!!!Major Crimes,!!!Hot Mess,!!!The Secret Life of the American Teenager,!!!Bunheads,!!!Hollywood Heights,!!!¡Understudy!,!!!Glassy,!!!CSI: Crime Scene Investigation,!!!The Bling Ring,!!!The Fresh Beat Band,!!!Big Time Rush,!!!IMDb on the Scene,!!!IMDb on the Scene - Interviews,!!!Abnormallyadam,!!!12th Annual Shorty Awards,!!!Whose Line Is It Anyway?,!!!Sugar Rush Christmas,!!!Red Carpet Report,!!!The IMDb Show,!!!Last Call with Carson Daly,!!!The 24th Annual Critics' Choice Awards,!!!So You Think You Can Dance,!!!The Ellen DeGeneres Show,!!!Late Night with Jimmy Fallon,!!!Live with Kelly and Ryan,!!!Entertainment Tonight"
Evie Ryland,"!!!Dave,!!!9-1-1: Lone Star,!!!Hollywood,!!!Why Women Kill,!!!S.W.A.T.,!!!Dirty John,!!!Sorry for Your Loss,!!!Strange Angel,!!!Hand of God,!!!House of Lies,!!!Thor: The Dark World,!!!Masters of Sex,!!!Ray Donovan,!!!Arrested Development,!!!The Hangover Part III,!!!Animal Practice,!!!The Client List,!!!Yogaphiles,!!!GCB,!!!Drive Discover Devour,!!!Minnesota! The Modern Day Selma,!!!American Federale,!!!Sigur Rós: Varúð,!!!Hit Girls,!!!Shade of Pale,!!!El padrino,!!!Drive Discover Devour,!!!Star Trip,!!!Sigur Rós: Varúð,!!!Sigur Rós: Varúð,!!!Star Trip,!!!Yogaphiles,!!!Destination Luxury,!!!Dog Whisperer with Cesar Millan"
Debra Mooney,"!!!Grace and Frankie,!!!Batwoman,!!!All Rise,!!!Arrested Development,!!!The Originals,!!!Scandal,!!!We Don't Belong Here,!!!This Is Us,!!!The Death of Eva Sofia Valdez,!!!Chance,!!!Those Left Behind,!!!Rake,!!!Intelligence,!!!Parks and Recreation,!!!The Neighbors,!!!Jodi Arias: Dirty Little Secret,!!!Save Me,!!!The Mentalist,!!!Weeds,!!!Bones,!!!The Last Godfather,!!!Hawthorne,!!!Den Brother,!!!Eleventh Hour,!!!ER,!!!Cold Case,!!!Pushing Daisies,!!!Boston Legal,!!!Private Practice,!!!Psych,!!!The Closer,!!!The Mermaid Chair,!!!Everwood,!!!Joan of Arcadia,!!!Everybody Loves Raymond,!!!The Practice,!!!Philly,!!!Domestic Disturbance,!!!Any Day Now,!!!Judging Amy,!!!Just Shoot Me!,!!!Will & Grace,!!!Silk Hope,!!!Maggie Winters,!!!House Rules,!!!Meego,!!!Caroline in the City,!!!The Naked Truth,!!!Anastasia,!!!Unhappily Ever After,!!!Boston Common,!!!Ellen,!!!Kirk,!!!Mary & Tim,!!!Champs,!!!Touched by an Angel,!!!Sisters,!!!The George Wendt Show,!!!Something Wilder,!!!Mad About You,!!!Party of Five,!!!Pig Sty,!!!Step by Step,!!!Northern Exposure,!!!Schemes,!!!One West Waikiki,!!!The George Carlin Show,!!!Murphy Brown,!!!Herman's Head,!!!Breathing Lessons,!!!Grace Under Fire,!!!Seinfeld,!!!Dream On,!!!Flying Blind,!!!Love & War,!!!Davis Rules,!!!The Fresh Prince of Bel-Air,!!!Tales from the Crypt,!!!L.A. Law,!!!Thirtysomething,!!!Empty Nest,!!!Joshua's Heart,!!!Roseanne,!!!Dream Street,!!!Dead Poets Society,!!!Loving,!!!Kate & Allie,!!!Too Young the Hero,!!!As the World Turns,!!!Rage of Angels: The Story Continues,!!!ABC Afterschool Specials,!!!Agent on Ice,!!!The Cradle Will Fall,!!!Supervisors,!!!Tootsie,!!!Chapter Two,!!!Delvecchio,!!!The 29th Annual People's Choice Awards,!!!Empty Nest"
Jela K. Moore,
Kinsley Fox,!!!Days of Our Lives
Jayna Fox,!!!Days of Our Lives
Abigail Spencer,"!!!One Heart,!!!The Black Hole,!!!Rebel,!!!Reprisal,!!!Suits,!!!Wayne,!!!Timeless,!!!Buttons, A New Musical Film,!!!Three Women,!!!Rectify,!!!Comedy Bang! Bang!,!!!The Sweet Life,!!!Stars,!!!True Detective,!!!H8RZ,!!!A Beautiful Now,!!!A Walk in Winter,!!!The Heyday of the Insensitive Bastards,!!!The Pieces,!!!The Forger,!!!This Is Where I Leave You,!!!How I Met Your Mother,!!!Burning Love,!!!Here and Now,!!!NTSF:SD:SUV,!!!Kilimanjaro,!!!Oz the Great and Powerful,!!!The Haunting in Connecticut 2: Ghosts of Georgia,!!!Chasing Mavericks,!!!Childrens Hospital,!!!This Means War,!!!Grace,!!!How to Be a Gentleman,!!!Cowboys & Aliens,!!!Rex Is Not Your Lawyer,!!!Hawthorne,!!!The Glades,!!!In My Sleep,!!!Castle,!!!Mad Men,!!!INST MSGS (Instant Messages),!!!Private Practice,!!!Moonlight,!!!Bones,!!!Welcome to the Captain,!!!Backyards & Bullets,!!!Passing the Time,!!!Jekyll,!!!My Boys,!!!Ghost Whisperer,!!!Angela's Eyes,!!!Introducing Lennie Rose,!!!Hooked,!!!Gilmore Girls,!!!Killer Instinct,!!!CSI: Crime Scene Investigation,!!!A Coat of Snow,!!!Fathers and Sons,!!!Are We There Yet?,!!!Graduation Night,!!!Campfire Stories,!!!All My Children,!!!The Actor,!!!Winter Light,!!!Here and Now,!!!Here and Now,!!!Timeless,!!!The Tonight Show Starring Jimmy Fallon,!!!A Little Late with Lilly Singh,!!!The Kelly Clarkson Show,!!!The Tonight Show Starring Jimmy Fallon,!!!The Late Late Show with James Corden,!!!Today,!!!Last Call with Carson Daly,!!!Access Daily,!!!The 68th Primetime Emmy Awards,!!!21st Annual Critics' Choice Awards,!!!The 42nd Annual People's Choice Awards,!!!The Talk,!!!The View,!!!Jimmy Kimmel Live!,!!!Goodbye How I Met Your Mother,!!!The Late Late Show with Craig Ferguson,!!!Entertainment Tonight,!!!Through the Mind's Eye of Colleen Atwood,!!!Attack of the Show!,!!!The 27th Annual Daytime Emmy Awards,!!!Entertainment Tonight,!!!Extra with Billy Bush"
Victor Zheng,"!!!Kung Fu Bodyguard,!!!The Menu,!!!A Tale of Earth and Fire,!!!Devotion,!!!Iced Chosin,!!!AGNI KAI: Hsu VS LIang,!!!Jing's Nightmare (Avatar: The Last Airbender),!!!The Smuggler (Avatar: The Last Airbender),!!!Death before Dishonor (Avatar: The Last Airbender),!!!The Goldbergs,!!!American Housewife,!!!Superstore,!!!A Tale of Earth and Fire,!!!AGNI KAI: Hsu VS LIang,!!!Meet the Recruits (Avatar: The Last Airbender),!!!Jing's Nightmare (Avatar: The Last Airbender),!!!The Smuggler (Avatar: The Last Airbender),!!!Death before Dishonor (Avatar: The Last Airbender),!!!A Tale of Earth and Fire,!!!AGNI KAI: Hsu VS LIang,!!!Meet the Recruits (Avatar: The Last Airbender),!!!Jing's Nightmare (Avatar: The Last Airbender),!!!The Smuggler (Avatar: The Last Airbender),!!!Death before Dishonor (Avatar: The Last Airbender),!!!A Tale of Earth and Fire,!!!AGNI KAI: Hsu VS LIang,!!!Meet the Recruits (Avatar: The Last Airbender),!!!Jing's Nightmare (Avatar: The Last Airbender),!!!The Smuggler (Avatar: The Last Airbender),!!!Death before Dishonor (Avatar: The Last Airbender),!!!A Tale of Earth and Fire,!!!AGNI KAI: Hsu VS LIang,!!!Meet the Recruits (Avatar: The Last Airbender),!!!Jing's Nightmare (Avatar: The Last Airbender),!!!The Smuggler (Avatar: The Last Airbender),!!!Death before Dishonor (Avatar: The Last Airbender),!!!The Smuggler (Avatar: The Last Airbender),!!!The Smuggler (Avatar: The Last Airbender),!!!A Tale of Earth and Fire,!!!Iced Chosin"
Kayla Whiting,!!!Scripts
Pablo Ramos,"!!!The Prank,!!!Bullet Train,!!!Father Stu,!!!To Leslie,!!!El Tonto,!!!Everything Everywhere All at Once,!!!Dog,!!!The Way It Is and the Way It Used to Be,!!!Caught in the Middle-Anthologies,!!!Bosch,!!!Stand Out,!!!Just The Tip,!!!Into the Dark,!!!You're the Worst,!!!The Clinic,!!!Lemon Drop,!!!The Thinning: New World Order,!!!NCIS: Los Angeles,!!!Saint Judy,!!!Papi Chulo,!!!Peppermint,!!!Ego,!!!Goliath,!!!Sprinter,!!!Special Lunch,!!!Instinct,!!!Undertones,!!!Vice Force Action Squad,!!!Bright,!!!Cut,!!!Our Little Secret,!!!Lethal Weapon,!!!Roman J. Israel, Esq.,!!!Up Willie's Alley,!!!Bad Match,!!!K.C. Undercover,!!!Alex & Jaime,!!!Unit Zero,!!!Bridging Color,!!!Criminal Minds: Beyond Borders,!!!American Crime,!!!This Is Us,!!!Bones,!!!The Goldbergs,!!!Code Black,!!!Eye of the Empress: Mystery Man,!!!Pizza Boys,!!!Bestie,!!!Red Hot Frog,!!!The Hollywouldn'ts,!!!Ordinary Dream,!!!Gooned,!!!Monogamy S2,!!!The Young Pope,!!!Fanny Pack,!!!Liver,!!!Icebox,!!!California,!!!The Good Neighbor,!!!Be Eaten by Dream,!!!Shameless,!!!ComicCosplay"
Jasmine Richard-Brooks,"!!!Dad Stop Embarrassing Me!,!!!Orange Is the New Black,!!!Elementary,!!!Tales of the City,!!!NOS4A2,!!!NCIS: New Orleans,!!!Law & Order: Special Victims Unit,!!!The Looming Tower"
Sandra Rosko,"!!!Anamorphia,!!!Me Time,!!!The Shrink Next Door,!!!You,!!!Let's Be Real,!!!Pink Skies Ahead,!!!The Opening Act,!!!L.A.'s Finest,!!!The High Note,!!!Valley Girl,!!!The Rookie,!!!The Devils Heist,!!!The Unicorn,!!!Casting The Net,!!!Zeroville,!!!Marriage Story,!!!The Devil Has a Name,!!!For The People,!!!Honey Boy,!!!Future Man,!!!Station 19,!!!More Cake,!!!Atypical,!!!Gloria Bell,!!!The Nun,!!!Art Prison,!!!Hollywood and Vine,!!!Unsolved: The Murders of Tupac and the Notorious B.I.G.,!!!Half Magic,!!!Hotel Artemis,!!!A Futile and Stupid Gesture,!!!Don't Worry, He Won't Get Far on Foot,!!!K.C. Undercover,!!!Wisdom of the Crowd,!!!The Comedy Get Down,!!!NCIS,!!!Beyond Skyline,!!!Ten Days in the Valley,!!!American Satan,!!!I'm Dying Up Here,!!!The Clapper,!!!Sandy Wexler,!!!The Late Late Show with James Corden,!!!Teen Wolf,!!!24: Legacy,!!!Moonbound24: The Movie,!!!Westworld,!!!Mascots,!!!La La Land,!!!Adam Ruins Everything,!!!The Fosters,!!!Aquarius,!!!Bones,!!!Popstar: Never Stop Never Stopping,!!!The Nice Guys,!!!Mike & Molly,!!!Mom,!!!Angel from Hell,!!!Flaked,!!!Togetherness,!!!Love Is All You Need?,!!!Is That a Gun in Your Pocket?,!!!Young & Hungry,!!!The Creeping,!!!Dance Camp,!!!Superstore,!!!31,!!!The Veil,!!!NCIS: Los Angeles,!!!Casual,!!!Ted 2,!!!Frankenstein,!!!I Really Hate My Ex,!!!Ride,!!!Beyond the Lights,!!!Wilfred,!!!Faking It,!!!Lucky Bastard,!!!Moonbound24: The Webseries,!!!The League,!!!The Canyons,!!!Silver Linings Playbook,!!!Larry Crowne,!!!True Extremes,!!!The Goods: Live Hard, Sell Hard,!!!Step Brothers,!!!You Don't Mess with the Zohan,!!!Rules of Engagement,!!!The Candle,!!!Friday Night King,!!!Sherome,!!!The Eye of Zurock,!!!Domino Masters,!!!Hacks,!!!Insecure,!!!This Is Heaven,!!!The Nun,!!!The 2018 ESPY Awards,!!!Crowded,!!!Love Is All You Need?,!!!Dance Camp,!!!31,!!!Kingdom,!!!Down Dog,!!!The Devils Heist,!!!Hollywood and Vine,!!!Urban Decay Sparkle Lipstick,!!!The Devils Heist,!!!Urban Decay Sparkle Lipstick,!!!The Devils Heist,!!!Hollywood and Vine,!!!Urban Decay Sparkle Lipstick"
Johnny Mansbach,"!!!In the Desert of Dark and Light,!!!Fill in the [Prank],!!!Bracket Genius,!!!Robots: A Love Story,!!!Celebrity Food Fight,!!!Hollywood Game Night,!!!GSN Live,!!!Bingo Blitz,!!!100 Winners,!!!Quiznation,!!!PlayMania,!!!BeCool,!!!In the Desert of Dark and Light,!!!Robots: A Love Story,!!!Mental Samurai,!!!Master Minds,!!!Hollywood Game Night,!!!The Jenny McCarthy Show,!!!The Secret World of Alex Mack,!!!Singled Out,!!!Monster: The Jeffrey Dahmer Story,!!!Winning Time: The Rise of the Lakers Dynasty,!!!The Offer,!!!Father Stu,!!!Chip 'n' Dale: Rescue Rangers,!!!Hunters,!!!Insecure,!!!The Shrink Next Door,!!!Curb Your Enthusiasm,!!!Colin in Black & White,!!!King Richard,!!!The L Word: Generation Q,!!!Could You Survive the Movies?,!!!Bosch,!!!Drama Club,!!!Moxie,!!!The Prom,!!!Dead to Me,!!!BeCool,!!!As Good as It Gets,!!!Starship Troopers,!!!Safety Smart,!!!Volcano,!!!Liar Liar,!!!Vegas Vacation,!!!Mars Attacks!,!!!Job Smart,!!!Casino,!!!Date Smart,!!!Desert Steel,!!!Fearless,!!!Son in Law,!!!Bingo Blitz,!!!BeCool,!!!Outrageous!,!!!Safety Smart,!!!Job Smart,!!!Date Smart,!!!Holey Moley"
Marissa Reynolds,"!!!The Way Back,!!!Silenced"
Darryl Robert Small,"!!!Wisp,!!!Say Goodbye,!!!Drawn like Moths,!!!Paranormal Investigators,!!!Book & Key,!!!Bus Stop,!!!Assassinators: Into the Night,!!!Days of Salvation: The Beginning,!!!No No Grim Reaper,!!!Broken Signals,!!!Just Like the Men,!!!Cassandra,!!!Dean's List,!!!Wizards Aren't Real,!!!The Life You Save,!!!Let Sleeping Dogs Lie,!!!The Artifact,!!!Map to the Stars,!!!Beloved Beast,!!!Ultra Low,!!!Jack: A Short Film,!!!The Deliverance of Amy Stronghold,!!!The Slithery Dee,!!!I Hate Halloween,!!!Rose Colored Shades,!!!King of the Golden Sun,!!!Biodome,!!!Lordes House,!!!Snowball Fight,!!!Sweet Memories,!!!Sound Crossing,!!!Daniel,!!!Teatro di Freak,!!!Hard at Work,!!!Smash Bob Begins,!!!The Ceremony,!!!What the Flock?,!!!Twin Peaks,!!!Mindcon,!!!Cycling,!!!Radobees,!!!Sands of Time,!!!Spot Cleaner,!!!Lifeboat 715,!!!The Unspoken,!!!The Trees Have Names,!!!Home Is Where His Heart Is,!!!A1C: Agents 1st Class,!!!Macbeth the Musical Parody,!!!Captain Winkie's Booty,!!!Trickshop,!!!Reflection of Hope,!!!In the Pudding,!!!Kanashimi,!!!Protecting the Family,!!!Unidentified Flying Assholes: First Contact,!!!The Crate,!!!Pirates Maiden,!!!The Way Out,!!!Dark Darkness,!!!Prodigy,!!!Alchemist Revenge,!!!Yukon Jack,!!!Taking the Case,!!!Rockabye Dead Man,!!!The Artifact,!!!Macbeth the Musical Parody,!!!Rockabye Dead Man,!!!The Way Out,!!!Senior Escape,!!!Generation to Generation,!!!Oh No!,!!!Food Paradise"
Chad Mochrie,"!!!Scorpion,!!!The Man in the High Castle,!!!Banshee,!!!Hit the Floor,!!!Twisted,!!!House,!!!Scoundrels,!!!Monk,!!!Clubhouse,!!!NCIS,!!!The Guardian,!!!Igby Goes Down,!!!Teenage Caveman,!!!How to Make a Monster,!!!Earth vs. the Spider,!!!She Creature,!!!Philly,!!!Roswell,!!!Atomic Train,!!!Host,!!!Indefensible: The Truth About Edward Brannigan,!!!The Shining,!!!The Dukes of Hazzard: Reunion!,!!!Harvest of Fire,!!!The Canterville Ghost,!!!Journey,!!!Blue River,!!!Past the Bleachers,!!!The Ranger, the Cook and a Hole in the Sky,!!!Secrets,!!!Redwood Curtain,!!!Follow the River,!!!The Piano Lesson,!!!The Return of the Native,!!!Rebel,!!!The Bold and the Beautiful,!!!Scorpion,!!!Corporate,!!!Twisted,!!!House,!!!The Guardian,!!!Roswell,!!!Faces of Poverty,!!!The Canterville Ghost"
Justin Nardine,"!!!Perry Mason,!!!Ford v Ferrari,!!!Interview with a Homicide Detective,!!!Stan's 420 Adventures,!!!The Big Noir,!!!The Big Noir,!!!The Big Noir 2,!!!The Unhandymen,!!!Because I Love You,!!!Dead Maker,!!!Opus 1,!!!Funny Man,!!!That Dog Don't Hunt,!!!The Lonely Finger,!!!My 3 Best Friends,!!!Virgil and Dulce Are Coming to Town...,!!!The Industry,!!!Stan's 420 Adventures,!!!It's the Fourst of the Month Part 1,!!!My 3 Best Friends,!!!Happy Memorial Day!,!!!Virgil and Dulce Are Coming to Town...,!!!Let's Make a Scene,!!!It's the Fourst of the Month Part 1,!!!My 3 Best Friends,!!!Happy Memorial Day!,!!!The Big Noir,!!!Dead Maker,!!!Stan's 420 Adventures,!!!The Big Noir 2,!!!It's the Fourst of the Month Part 1,!!!Happy Memorial Day!,!!!Stan's 420 Adventures,!!!The Big Noir,!!!Let's Make a Scene,!!!It's the Fourst of the Month Part 1,!!!Happy Memorial Day!,!!!Excused"
Nick Phillips,"!!!Birds of Prey,!!!Game Shakers,!!!Black-ish,!!!Angel City,!!!Sexcapades,!!!Wait,!!!The Late Night Experiment with Motown Maurice,!!!The Marriage Counselor,!!!Scandal,!!!Chandler's Game,!!!2 Broke Girls,!!!How I Met Your Mother,!!!Real Husbands of Hollywood,!!!Redefined,!!!Degenerates,!!!Chosen,!!!Paperthin,!!!Astorgos,!!!The Marriage Counselor,!!!Chandler's Game,!!!The Marriage Counselor,!!!Chandler's Game,!!!Chandler's Game,!!!Talk About A Meal,!!!36 for 36,!!!Late-Night Chicken Noodle Soup"
Reverend John Atom,"!!!The Verdict with Judge Hatchett,!!!The Circle,!!!Flaked,!!!Other People,!!!Code Black,!!!Major Crimes,!!!Supergirl,!!!Scorpion,!!!Bones,!!!The Mindy Project,!!!Veep,!!!Bed Room,!!!Criminal Minds,!!!Ray Donovan"
Meg Marinis,
